{"cameraMode":{"drawMode":0,"name":"Shaded","section":"Shading Mode"},"sceneLighting":false,"audioPlay":false,"sceneViewState":{"showFog":false,"showMaterialUpdate":false,"showSkybox":false,"showFlares":false,"showImageEffects":false,"showParticleSystems":false},"in2DMode":false,"pivot":{"x":-3.833604574203491,"y":-1.4101555347442628,"z":-9.701831817626954},"rotation":{"x":-0.04056898131966591,"y":0.942304790019989,"z":-0.12396760284900665,"w":-0.308298259973526},"size":12.633706092834473,"orthographic":false}